order_id,customer_id,product_id,order_date,amount
1,215,74,28-06-2025,2422.73
2,235,171,14-11-2024,3407.78
3,327,103,17-03-2025,2003.23
4,497,137,15-09-2024,289.34
5,51,61,30-12-2024,3134.65
6,123,53,30-11-2024,4727.5
7,375,86,31-07-2025,3733.9
8,97,26,20-03-2025,1104.95
9,4,155,25-12-2024,379.06
10,123,193,22-10-2024,2860.8
11,220,120,16-01-2025,4697.12
12,268,65,10-11-2024,199.59
13,169,121,22-10-2024,2155.96
14,354,107,04-06-2025,4069.7
15,460,191,01-06-2025,4153.17
16,210,25,02-12-2024,3813.87
17,426,12,18-04-2025,1676.84
18,51,39,19-11-2024,1617.29
19,261,14,17-05-2025,1880.9
20,174,54,25-12-2024,701.78
21,472,189,11-09-2024,3198.59
22,105,178,12-07-2025,2767.38
23,445,13,05-03-2025,4135.02
24,345,22,10-09-2024,357.8
25,292,101,19-09-2024,2319.04
26,268,186,22-08-2024,1909.32
27,474,95,16-09-2024,1164.87
28,32,146,22-12-2024,2286.9
29,200,93,15-08-2025,3422.52
30,68,91,09-06-2025,4464.5
31,6,107,13-05-2025,4980.64
32,472,182,25-03-2025,1936.14
33,200,113,20-09-2024,368.26
34,137,198,24-06-2025,1427.92
35,76,79,23-07-2025,1803.69
36,363,52,26-06-2025,4632.71
37,221,40,20-11-2024,655.08
38,113,108,14-10-2024,1588
39,99,154,17-09-2024,1925.27
40,441,122,14-08-2025,1685.72
41,145,41,05-01-2025,958.27
42,101,151,22-07-2025,2814.25
43,69,179,24-06-2025,4748.07
44,416,186,12-12-2024,4649.23
45,99,32,24-10-2024,4575.32
46,346,82,21-04-2025,3164.57
47,463,113,01-03-2025,2040.54
48,91,62,07-07-2025,1783.66
49,138,11,24-05-2025,1833.81
50,216,173,13-08-2025,750.98
51,20,7,02-09-2024,1552.96
52,255,115,07-02-2025,2649.83
53,185,96,24-03-2025,142.6
54,354,106,06-05-2025,4691.99
55,150,18,26-11-2024,1262.59
56,483,154,20-11-2024,2413.15
57,192,36,18-08-2024,4751.35
58,265,200,08-12-2024,2542.03
59,156,26,20-03-2025,2001.77
60,230,174,12-10-2024,1719.81
61,415,138,16-12-2024,1723.57
62,107,15,26-01-2025,749.73
63,272,108,21-12-2024,622.45
64,477,158,17-03-2025,4958.53
65,56,3,22-10-2024,1386.71
66,389,124,04-07-2025,1610.79
67,470,154,01-02-2025,3984.17
68,161,124,01-09-2024,2677.96
69,267,183,25-12-2024,4992.97
70,47,83,04-09-2024,1476.87
71,138,149,30-01-2025,1617.34
72,443,63,06-07-2025,4597.6
73,324,165,04-10-2024,4231.1
74,330,109,12-03-2025,1893.22
75,486,185,13-06-2025,1966.04
76,90,16,27-04-2025,2614.04
77,102,128,12-09-2024,2286.82
78,352,46,02-09-2024,4527.31
79,253,160,16-01-2025,4546.21
80,351,109,24-01-2025,2828.46
81,336,71,01-07-2025,1908.27
82,261,72,24-02-2025,4429.76
83,359,148,19-10-2024,1155.95
84,109,160,26-08-2024,3471.81
85,138,156,18-04-2025,1898.68
86,117,42,20-10-2024,2404.07
87,153,20,28-06-2025,4245.39
88,346,193,25-07-2025,2363.65
89,383,114,28-04-2025,3584.49
90,82,121,22-02-2025,4650.18
91,187,192,06-06-2025,4466.46
92,485,58,31-03-2025,749.62
93,302,68,23-04-2025,1238.4
94,154,79,20-03-2025,2695.98
95,486,114,22-12-2024,1479.71
96,294,148,16-03-2025,2554.07
97,308,51,17-04-2025,4947.95
98,232,85,28-05-2025,2863.64
99,36,81,06-06-2025,3353.67
100,172,101,28-07-2025,4246.42
101,38,149,08-06-2025,4378.66
102,182,179,08-05-2025,662.2
103,297,102,21-02-2025,4156.45
104,439,91,02-11-2024,447.75
105,323,49,15-05-2025,4617.34
106,187,49,05-09-2024,3826.93
107,33,102,11-01-2025,1257.06
108,354,75,08-06-2025,3398.22
109,351,149,21-04-2025,3562.75
110,50,126,20-07-2025,3213.7
111,212,126,20-03-2025,3492.65
112,264,150,30-06-2025,4122.22
113,473,60,03-12-2024,314.31
114,441,140,05-11-2024,4608.23
115,84,32,08-07-2025,1632.39
116,115,109,24-11-2024,848.06
117,241,101,18-03-2025,4545.36
118,381,89,01-10-2024,1474.45
119,250,52,18-10-2024,730.54
120,294,42,27-06-2025,736.93
121,344,9,07-06-2025,4304.3
122,364,146,10-09-2024,749.17
123,131,78,25-10-2024,4978.21
124,151,185,15-07-2025,947.1
125,377,143,29-05-2025,4150.68
126,98,107,06-01-2025,1628.54
127,313,119,23-05-2025,4013.68
128,198,171,13-10-2024,1229.41
129,247,168,17-12-2024,116.44
130,429,121,14-08-2025,3152.03
131,452,69,17-07-2025,3955.01
132,327,10,02-06-2025,3503.02
133,198,155,14-08-2025,1871.23
134,440,149,06-07-2025,2838.38
135,212,97,20-12-2024,1469.7
136,164,97,25-10-2024,918.21
137,368,153,11-06-2025,3426.62
138,115,198,18-08-2024,4995.69
139,8,187,04-10-2024,4442.3
140,49,168,09-02-2025,4676.98
141,152,50,03-01-2025,4991.13
142,115,95,02-09-2024,3303.26
143,248,85,29-10-2024,4868.61
144,448,37,14-08-2025,4522.84
145,44,89,26-11-2024,510.59
146,362,145,17-12-2024,2801.31
147,60,150,03-02-2025,1597.47
148,316,23,01-05-2025,933.94
149,404,66,05-12-2024,1859.78
150,426,125,27-07-2025,1943.16
151,498,53,28-11-2024,2235.12
152,116,168,23-12-2024,904.11
153,291,98,17-09-2024,3205.24
154,402,40,06-05-2025,2939.8
155,455,164,19-04-2025,3797.49
156,229,182,21-08-2024,1276.01
157,234,103,14-02-2025,4275.82
158,337,26,24-01-2025,262.26
159,294,100,05-11-2024,3618.44
160,252,88,07-03-2025,4665.02
161,362,196,02-12-2024,4469.98
162,227,103,15-07-2025,3306.03
163,442,191,25-10-2024,2723.18
164,17,25,09-04-2025,792.12
165,289,183,07-03-2025,157.26
166,28,12,02-11-2024,4807.19
167,378,151,02-08-2025,3676.31
168,205,183,24-04-2025,449.1
169,489,137,04-08-2025,3222.9
170,152,111,07-04-2025,1899.38
171,392,171,22-01-2025,4878.18
172,248,9,17-03-2025,2350.32
173,233,164,04-09-2024,4651.44
174,356,94,07-11-2024,834.94
175,406,92,18-11-2024,2346.45
176,62,46,08-02-2025,4748.23
177,226,182,11-03-2025,740.68
178,466,104,31-07-2025,2895.52
179,194,170,17-01-2025,2932.71
180,291,71,11-03-2025,3386.67
181,154,48,12-10-2024,2591.01
182,278,129,27-11-2024,1871.06
183,38,41,02-10-2024,1951.11
184,246,69,20-02-2025,2372.83
185,212,129,23-05-2025,919.86
186,52,95,26-02-2025,1743.46
187,113,181,30-04-2025,3938.88
188,66,55,26-01-2025,2757.34
189,435,60,30-06-2025,1903.68
190,185,199,15-08-2025,319.39
191,167,95,04-02-2025,1442.52
192,84,163,18-03-2025,2430.68
193,236,62,29-05-2025,3466.83
194,396,23,10-07-2025,3960.59
195,64,156,09-02-2025,4424.86
196,355,35,17-05-2025,4764.52
197,8,10,14-11-2024,4232.8
198,76,82,22-05-2025,282.01
199,33,86,26-06-2025,3976.53
200,496,103,30-06-2025,3120.35
201,142,79,27-10-2024,3094.32
202,115,138,21-07-2025,1554.28
203,298,11,13-02-2025,2043.59
204,489,173,10-08-2025,4904.36
205,480,29,03-01-2025,4075.57
206,145,8,28-12-2024,4339.62
207,480,19,20-09-2024,3941.39
208,476,11,04-05-2025,3448.9
209,16,199,18-01-2025,1872.88
210,304,109,02-04-2025,3643.09
211,417,69,12-10-2024,3314.26
212,377,33,08-08-2025,277.1
213,178,106,24-12-2024,277.04
214,436,77,29-11-2024,147.41
215,169,151,02-06-2025,1982.34
216,71,127,25-03-2025,3341.01
217,6,102,06-02-2025,161.82
218,278,185,09-05-2025,3216.42
219,285,69,18-01-2025,4049.34
220,362,88,21-03-2025,4062.75
221,133,197,12-05-2025,3599.59
222,376,147,29-08-2024,303.35
223,292,118,04-07-2025,1652
224,50,120,03-08-2025,3483.78
225,208,161,26-03-2025,3406.15
226,31,143,27-06-2025,3713.4
227,380,22,14-02-2025,2836.38
228,315,132,29-07-2025,1310.2
229,205,103,24-02-2025,3613.92
230,447,21,11-07-2025,1840.06
231,354,101,25-07-2025,4404.05
232,216,54,10-12-2024,784.01
233,108,135,28-03-2025,3438.42
234,78,114,02-02-2025,347.75
235,441,27,07-08-2025,1144.62
236,459,5,13-08-2025,4468.48
237,210,196,16-10-2024,2990.2
238,234,34,01-05-2025,1991.2
239,382,126,06-01-2025,3967.47
240,103,142,20-02-2025,3556.22
241,83,62,19-02-2025,3819.25
242,49,65,29-01-2025,955.48
243,352,126,24-08-2024,1080.86
244,151,42,03-10-2024,2172.55
245,195,33,29-10-2024,394.28
246,441,38,09-11-2024,3654.51
247,35,121,27-01-2025,3879.52
248,401,132,03-01-2025,3172.68
249,223,129,15-09-2024,674.07
250,468,124,02-06-2025,2570.72
251,207,41,06-02-2025,2038
252,216,46,16-04-2025,4328.42
253,489,28,08-11-2024,2674.83
254,431,27,09-06-2025,4816.49
255,113,8,06-09-2024,3265.02
256,475,78,07-04-2025,4304.8
257,447,28,26-12-2024,2474.26
258,458,155,31-03-2025,2861.64
259,363,185,04-01-2025,602.07
260,490,177,22-09-2024,605.77
261,404,6,27-10-2024,1166.78
262,344,128,05-07-2025,3054.79
263,131,74,16-11-2024,529.07
264,80,193,27-07-2025,4888.08
265,436,50,28-07-2025,697.42
266,427,191,17-10-2024,859.45
267,244,21,19-03-2025,3830.55
268,123,138,19-03-2025,4519.81
269,346,109,27-11-2024,1321.75
270,371,113,23-01-2025,2827.59
271,436,184,23-02-2025,3181.73
272,144,190,30-04-2025,4724.23
273,113,194,16-01-2025,3942.07
274,164,75,22-12-2024,2995.96
275,135,112,13-05-2025,3234.95
276,321,77,21-06-2025,1162.92
277,34,76,07-10-2024,709.72
278,415,10,02-11-2024,2708.27
279,107,174,31-08-2024,2075.49
280,477,149,04-10-2024,418.78
281,497,193,04-04-2025,4311.7
282,373,194,27-08-2024,2834.43
283,84,55,26-04-2025,4726.3
284,78,82,30-10-2024,1567.26
285,121,7,23-10-2024,2579.22
286,317,176,14-05-2025,3398.47
287,358,153,19-04-2025,1870.94
288,290,11,01-12-2024,243.69
289,1,148,12-09-2024,1849.48
290,186,65,08-12-2024,4909.2
291,394,87,27-07-2025,1532.27
292,480,136,22-06-2025,4147.96
293,187,112,07-04-2025,927.03
294,51,120,29-06-2025,2541.78
295,490,111,15-06-2025,483.97
296,204,29,27-02-2025,2171.53
297,455,80,21-12-2024,2273.43
298,214,124,02-10-2024,1318.68
299,335,21,21-02-2025,2749.51
300,91,73,07-02-2025,4369.81
301,276,144,19-06-2025,2288.38
302,223,179,19-11-2024,3740.65
303,44,126,30-08-2024,4535.47
304,487,160,26-05-2025,4850.2
305,379,98,12-01-2025,3632.71
306,19,182,03-05-2025,4792.09
307,399,107,12-03-2025,2391.25
308,172,120,10-08-2025,1144.06
309,438,108,27-12-2024,3355.85
310,261,53,01-04-2025,2164.67
311,427,56,21-04-2025,640.68
312,71,200,26-03-2025,4100.15
313,93,89,31-08-2024,2298.84
314,83,105,16-12-2024,3421.99
315,80,185,15-12-2024,2469.44
316,292,106,14-04-2025,388.14
317,357,81,19-06-2025,2591.94
318,86,24,05-03-2025,3458.25
319,442,123,02-07-2025,4169.44
320,73,61,16-09-2024,2063.94
321,215,95,18-10-2024,2622.57
322,259,89,29-11-2024,4881.11
323,327,73,27-01-2025,4581.39
324,459,19,18-06-2025,2142.51
325,374,155,31-05-2025,1852.74
326,182,176,30-10-2024,212.72
327,482,1,23-11-2024,378.23
328,282,169,21-09-2024,2177.36
329,279,111,09-08-2025,716.34
330,183,191,21-10-2024,2913.13
331,239,65,06-05-2025,3425.01
332,469,179,07-02-2025,124.55
333,454,109,25-02-2025,899.63
334,165,85,29-01-2025,4417.02
335,417,184,26-03-2025,852.14
336,112,15,06-01-2025,4789.72
337,401,85,07-02-2025,3182.8
338,290,115,03-06-2025,488.73
339,489,151,04-07-2025,3829.42
340,490,143,10-09-2024,384.4
341,205,129,06-01-2025,2484.31
342,150,86,13-03-2025,194.46
343,48,67,13-05-2025,1013.86
344,252,43,26-08-2024,3488.28
345,73,140,22-08-2024,3490.94
346,337,150,08-04-2025,4516.6
347,306,134,29-08-2024,3212.54
348,312,130,05-12-2024,3281.32
349,60,150,12-12-2024,302.72
350,311,93,13-03-2025,2992.4
351,236,45,16-12-2024,2253.38
352,467,25,27-09-2024,1415.45
353,426,161,27-11-2024,1079.12
354,226,99,10-10-2024,2588.33
355,396,31,08-06-2025,730.58
356,356,137,13-05-2025,2237.61
357,381,126,19-06-2025,299.88
358,150,41,17-11-2024,2821.68
359,102,57,10-01-2025,2056.99
360,422,78,21-01-2025,3106.2
361,404,185,16-08-2024,3967.63
362,42,149,27-04-2025,4206.94
363,275,98,05-06-2025,2242.04
364,141,197,25-01-2025,1101.77
365,465,96,04-05-2025,898.93
366,335,29,04-08-2025,243.62
367,116,182,15-08-2024,1998
368,152,52,17-06-2025,4484.18
369,180,5,24-07-2025,4253.64
370,95,70,15-04-2025,1731.44
371,461,60,24-06-2025,2984.11
372,345,177,16-01-2025,4859.59
373,431,195,30-10-2024,1440.86
374,424,80,12-07-2025,1943.66
375,416,135,29-08-2024,2999.17
376,345,49,19-09-2024,523.86
377,128,72,18-05-2025,864.56
378,475,100,19-11-2024,3269.73
379,218,94,04-08-2025,4910.53
380,207,131,24-09-2024,4088.15
381,169,116,19-12-2024,3650.2
382,467,8,15-10-2024,587.68
383,302,99,07-06-2025,3975.08
384,332,180,28-02-2025,2036.98
385,339,169,01-12-2024,2414.97
386,190,178,23-05-2025,544.08
387,272,130,16-03-2025,4458.54
388,419,163,23-03-2025,3585.18
389,305,99,14-10-2024,583.33
390,90,88,28-08-2024,462.63
391,212,82,23-06-2025,3596.4
392,442,32,17-12-2024,1143.98
393,256,93,11-11-2024,1648.87
394,281,27,31-12-2024,1246.2
395,13,111,12-09-2024,516.63
396,144,155,28-03-2025,2990.74
397,410,176,14-09-2024,1094.31
398,16,144,15-05-2025,4229.62
399,415,167,14-01-2025,2436.92
400,356,19,26-03-2025,1990
401,45,111,03-11-2024,4509.98
402,206,186,29-03-2025,3721.66
403,198,13,15-05-2025,2976.72
404,8,175,09-10-2024,3790.16
405,322,99,03-10-2024,2021.86
406,2,20,06-02-2025,456.79
407,261,17,31-03-2025,2783.71
408,265,18,05-07-2025,980.66
409,68,141,04-06-2025,4458.15
410,184,51,16-04-2025,227.26
411,296,120,22-06-2025,4204.78
412,311,97,31-07-2025,1912.54
413,97,196,19-02-2025,1647.5
414,434,165,03-06-2025,3448.97
415,277,82,05-04-2025,2753.75
416,385,196,30-01-2025,4184.18
417,54,113,09-10-2024,3878.33
418,228,45,03-03-2025,1479.29
419,348,89,24-05-2025,865.54
420,307,128,09-11-2024,2107.33
421,143,162,12-04-2025,1361.47
422,266,23,02-09-2024,212.28
423,25,133,28-02-2025,4799.04
424,137,88,14-02-2025,2641.57
425,14,103,06-01-2025,1088.21
426,463,37,27-10-2024,1110.11
427,285,126,28-10-2024,4485.51
428,186,41,16-03-2025,4438.77
429,250,107,17-03-2025,1641.05
430,8,155,08-12-2024,4874.82
431,496,144,27-12-2024,3345.08
432,374,102,09-05-2025,3867.99
433,91,163,21-12-2024,597.95
434,423,16,25-04-2025,2030.05
435,399,54,28-06-2025,4968.68
436,316,54,01-02-2025,3449.19
437,161,111,01-02-2025,2577.18
438,21,35,02-01-2025,3575.98
439,406,167,17-04-2025,4561.94
440,83,164,22-11-2024,1576.34
441,150,187,13-06-2025,2171.03
442,339,55,07-12-2024,2840.94
443,238,70,05-09-2024,4246.7
444,488,6,11-01-2025,2197.96
445,207,135,30-03-2025,725.25
446,187,52,20-04-2025,4574.43
447,192,124,10-09-2024,2721.58
448,5,38,09-08-2025,1079.16
449,355,127,29-07-2025,2264.83
450,356,157,06-08-2025,2286.54
451,171,87,07-12-2024,2593.63
452,417,85,28-07-2025,1397.68
453,159,97,23-04-2025,2951.74
454,42,157,19-04-2025,4008.06
455,245,132,11-12-2024,3682.07
456,345,154,04-11-2024,2647.55
457,342,84,15-09-2024,1608.16
458,28,134,12-03-2025,3133.03
459,230,127,17-07-2025,1763.1
460,220,88,28-07-2025,106.86
461,469,145,31-05-2025,1032.21
462,118,4,11-11-2024,2496.6
463,307,76,25-01-2025,4883.51
464,212,142,22-11-2024,4624.71
465,408,14,06-07-2025,4275.35
466,128,65,09-08-2025,414.29
467,246,118,06-06-2025,1445.48
468,178,18,16-06-2025,3820.39
469,226,196,17-02-2025,3449.15
470,295,122,10-12-2024,4400.78
471,319,151,15-07-2025,4349.14
472,376,192,05-08-2025,1928.15
473,43,166,12-04-2025,428.62
474,205,195,09-11-2024,1249.35
475,443,200,08-11-2024,2203.35
476,60,26,24-01-2025,822.07
477,197,80,03-11-2024,4337.99
478,63,71,15-01-2025,1011.07
479,436,141,17-06-2025,3909.73
480,394,128,03-04-2025,3662.31
481,215,142,20-03-2025,1207.93
482,473,141,31-08-2024,741.1
483,34,170,20-01-2025,3621.07
484,188,15,25-11-2024,4820.77
485,22,39,26-02-2025,3083.69
486,325,64,29-06-2025,3560.32
487,302,45,11-11-2024,279.81
488,108,198,12-12-2024,1865.15
489,480,82,19-11-2024,688.81
490,85,113,27-07-2025,3845.54
491,418,136,18-05-2025,4719.79
492,236,69,16-02-2025,3165.73
493,304,77,10-04-2025,2071.49
494,43,45,29-04-2025,2906
495,89,69,17-01-2025,2864.23
496,305,145,26-01-2025,824.2
497,221,89,08-07-2025,1935.2
498,467,80,11-06-2025,4442.92
499,397,40,04-06-2025,1315.6
500,257,123,26-03-2025,3953.84
501,473,116,17-08-2024,4669.56
502,304,61,19-02-2025,2688.66
503,442,194,31-03-2025,779.99
504,142,161,12-04-2025,3124.88
505,354,23,18-05-2025,1725.38
506,330,136,02-12-2024,2752.39
507,72,44,05-05-2025,3411.31
508,452,56,12-05-2025,4938.91
509,100,144,17-05-2025,4054.71
510,142,159,16-03-2025,4687.61
511,299,171,10-12-2024,2713.87
512,365,144,05-08-2025,223.88
513,310,85,23-04-2025,4344.76
514,324,110,04-01-2025,2229.56
515,222,176,03-04-2025,4801.47
516,201,163,11-09-2024,113.74
517,344,100,12-10-2024,873.64
518,424,34,30-10-2024,2634.33
519,142,161,29-07-2025,806.22
520,434,142,17-05-2025,2321.88
521,327,117,12-01-2025,368.51
522,144,173,14-01-2025,3164.07
523,398,152,10-01-2025,2477.29
524,91,128,20-02-2025,1816.1
525,198,156,11-01-2025,4464.55
526,208,94,24-09-2024,114.87
527,141,148,18-08-2024,2557.46
528,441,63,27-11-2024,3524.27
529,177,194,23-08-2024,329.94
530,58,180,11-09-2024,1562.41
531,127,49,07-01-2025,4345.18
532,269,175,29-08-2024,2766.9
533,303,72,01-05-2025,4243.09
534,433,102,13-10-2024,4369.51
535,316,27,30-03-2025,1925.69
536,149,8,11-12-2024,2465.61
537,206,183,31-05-2025,3851.96
538,156,153,03-07-2025,3091.9
539,323,132,22-06-2025,1885.54
540,490,185,09-01-2025,424.27
541,414,172,02-06-2025,1226.62
542,42,24,18-12-2024,2292.29
543,391,15,24-08-2024,4933.99
544,220,134,06-10-2024,499.41
545,79,7,18-01-2025,381.58
546,104,15,04-02-2025,3304.37
547,192,2,11-11-2024,3259.32
548,118,128,05-09-2024,4418.97
549,260,75,28-05-2025,2702.47
550,409,138,25-11-2024,4237.4
551,174,121,23-08-2024,1519.7
552,266,139,10-01-2025,3054.88
553,414,148,22-06-2025,4488.25
554,169,134,26-10-2024,2910.02
555,186,25,29-10-2024,768.68
556,344,40,01-09-2024,4271.84
557,318,120,04-11-2024,2058.95
558,193,140,16-09-2024,4165.36
559,396,87,01-11-2024,2098.36
560,134,56,25-05-2025,205.73
561,315,144,08-10-2024,4241.5
562,167,136,13-10-2024,1887.06
563,331,196,16-07-2025,3801.88
564,78,72,08-03-2025,2830.46
565,481,13,27-10-2024,4379.92
566,235,138,05-12-2024,2247.47
567,380,175,24-03-2025,3366.34
568,416,102,08-01-2025,3341.5
569,108,52,29-05-2025,1974.94
570,89,69,31-12-2024,587.16
571,74,193,12-05-2025,2541.67
572,164,97,21-03-2025,3395.23
573,214,114,26-04-2025,2710.43
574,406,54,15-08-2025,546.05
575,9,50,26-10-2024,1838.13
576,35,155,30-04-2025,1947.48
577,176,180,20-05-2025,843.87
578,403,24,20-07-2025,456.4
579,29,191,19-12-2024,3362.07
580,187,148,02-02-2025,1565.46
581,490,111,14-06-2025,1378.91
582,93,159,07-03-2025,1623.5
583,270,101,28-10-2024,1421.64
584,205,5,18-01-2025,1870.73
585,47,19,22-01-2025,3090.54
586,189,183,19-09-2024,2794.77
587,135,141,20-06-2025,1650.2
588,461,103,10-03-2025,4399.62
589,445,74,06-12-2024,1675.39
590,181,13,04-02-2025,4328.26
591,409,54,13-06-2025,884.17
592,466,109,03-11-2024,3890.95
593,298,17,25-10-2024,3594.23
594,121,49,27-12-2024,2196.18
595,234,47,20-01-2025,3949.01
596,428,178,20-04-2025,340.88
597,316,45,12-10-2024,4038.45
598,395,83,19-05-2025,4092.64
599,210,125,28-08-2024,345.56
600,149,69,07-01-2025,4888.58
601,86,150,18-06-2025,1769.87
602,337,123,01-12-2024,1752.01
603,472,79,04-08-2025,709.92
604,496,143,25-02-2025,774.37
605,304,25,24-01-2025,2633.1
606,28,146,04-07-2025,1113.51
607,407,162,08-01-2025,831.76
608,408,37,27-12-2024,2209.08
609,227,177,04-02-2025,3950.13
610,19,153,16-07-2025,2874.19
611,166,169,28-07-2025,1722.6
612,155,157,10-12-2024,2805.75
613,117,190,07-11-2024,4062.65
614,116,64,12-10-2024,3722
615,387,33,03-05-2025,371.94
616,23,66,17-04-2025,2360.32
617,21,45,16-02-2025,4716.27
618,301,87,15-02-2025,4335.68
619,204,163,23-02-2025,4319.09
620,285,57,31-01-2025,2012.22
621,153,166,11-02-2025,315.03
622,129,127,27-08-2024,1520.28
623,155,119,31-08-2024,1290.38
624,34,125,27-09-2024,3268.75
625,164,183,27-07-2025,1525.33
626,202,168,06-01-2025,2445.07
627,237,76,30-03-2025,2881.1
628,152,93,13-02-2025,1837.09
629,299,194,31-07-2025,2802.87
630,239,14,24-07-2025,2650.84
631,413,86,31-12-2024,1183.4
632,347,33,29-03-2025,895.98
633,464,195,18-10-2024,3495.25
634,235,120,19-01-2025,4615.34
635,208,8,30-12-2024,4315.86
636,220,132,24-07-2025,4858.66
637,104,127,26-06-2025,2078.29
638,404,31,19-09-2024,3546.03
639,33,124,07-02-2025,3959.45
640,253,58,05-09-2024,350.22
641,40,161,07-08-2025,2696.15
642,385,156,12-01-2025,2089.52
643,478,87,23-03-2025,1541.76
644,385,144,07-12-2024,3844.74
645,4,172,24-07-2025,791.22
646,463,195,11-11-2024,3556.58
647,311,125,28-03-2025,2576.25
648,213,90,11-09-2024,2545.69
649,232,99,12-10-2024,2499.49
650,246,48,28-07-2025,4320.94
651,111,156,23-01-2025,3942.68
652,373,30,04-06-2025,1726.72
653,251,101,07-10-2024,2699.46
654,351,184,17-11-2024,924.67
655,155,113,24-10-2024,3175.3
656,256,150,28-07-2025,431.22
657,214,19,21-12-2024,2600.15
658,114,150,26-12-2024,1758.52
659,205,53,24-11-2024,4402.23
660,161,16,09-03-2025,4723.35
661,71,197,07-06-2025,686.21
662,190,17,25-03-2025,2298.31
663,289,132,22-10-2024,2708.75
664,94,51,11-05-2025,4026.76
665,400,158,24-10-2024,722.55
666,2,16,26-11-2024,1641.92
667,337,9,20-09-2024,817.61
668,25,20,08-02-2025,4855.49
669,440,99,07-01-2025,2277.1
670,136,181,05-05-2025,3362.83
671,14,22,11-12-2024,1687.92
672,334,91,10-02-2025,1754
673,232,26,01-02-2025,1368.61
674,448,180,16-05-2025,4783.87
675,301,149,06-10-2024,2114.8
676,344,81,21-10-2024,3528.19
677,473,122,23-04-2025,4890.29
678,250,104,10-06-2025,401.43
679,184,38,01-09-2024,1858.46
680,94,193,17-03-2025,4552.71
681,214,177,24-10-2024,3758.04
682,204,113,24-11-2024,1788.5
683,388,158,15-08-2024,4577.71
684,97,61,07-09-2024,2194.81
685,493,157,13-06-2025,1309.18
686,239,116,17-01-2025,2352.44
687,95,143,26-09-2024,2349.55
688,89,167,05-12-2024,1304.84
689,135,111,14-07-2025,3994.18
690,135,164,13-12-2024,1377.52
691,313,150,11-07-2025,3159.48
692,262,43,22-02-2025,3603.6
693,50,143,25-06-2025,1731.92
694,403,123,02-12-2024,1757.13
695,409,80,10-07-2025,1305.11
696,157,198,26-04-2025,3776.06
697,386,49,11-12-2024,1715.67
698,14,94,11-01-2025,4944.49
699,324,124,20-02-2025,4222.23
700,216,108,31-05-2025,2100.13
701,359,148,09-05-2025,3680.46
702,391,55,13-10-2024,460.17
703,117,138,27-11-2024,2712.8
704,2,185,24-02-2025,805.9
705,192,139,16-02-2025,3108.18
706,389,81,20-05-2025,4319.34
707,460,88,12-11-2024,1560.99
708,157,116,14-02-2025,1129.4
709,387,128,12-06-2025,4845.25
710,9,180,10-10-2024,4512.78
711,15,172,05-06-2025,2585.19
712,300,5,30-04-2025,2559.81
713,136,160,05-07-2025,910.73
714,365,8,11-05-2025,4603.27
715,416,65,17-04-2025,3348.11
716,70,45,22-03-2025,4961.81
717,381,152,11-01-2025,4326.29
718,319,16,23-04-2025,3996.18
719,224,114,22-04-2025,4129.65
720,35,169,29-05-2025,1773.5
721,244,102,20-05-2025,4740.16
722,105,67,07-01-2025,4866.75
723,40,80,18-07-2025,2349.94
724,326,25,18-11-2024,1317.23
725,425,156,17-03-2025,4195.39
726,475,13,28-11-2024,2008.23
727,460,80,19-06-2025,2644.36
728,474,95,11-11-2024,1257.91
729,456,191,16-07-2025,830.19
730,219,41,16-12-2024,1035.15
731,74,102,01-04-2025,3050.61
732,54,67,24-07-2025,1976.39
733,117,141,09-10-2024,196.34
734,127,165,23-03-2025,2887.43
735,309,34,07-04-2025,751.37
736,483,66,01-05-2025,1550.24
737,374,133,27-04-2025,1317.61
738,69,141,06-02-2025,1724.79
739,125,138,28-11-2024,772.94
740,398,43,06-12-2024,2126.84
741,390,155,10-09-2024,589.61
742,436,77,28-06-2025,2583.95
743,12,7,01-01-2025,1688.89
744,126,175,20-09-2024,733.59
745,362,114,28-12-2024,2225.49
746,321,50,06-09-2024,3006.19
747,120,59,02-01-2025,1031.76
748,267,37,13-07-2025,1031.38
749,219,165,04-02-2025,4350.82
750,132,117,20-06-2025,1602.36
751,330,41,25-09-2024,4175.45
752,221,89,26-12-2024,4467.76
753,363,32,15-10-2024,1778.58
754,360,74,15-09-2024,4789.92
755,277,26,29-07-2025,3739.64
756,466,29,29-04-2025,3317.45
757,166,76,07-04-2025,384.72
758,201,111,31-03-2025,2897.76
759,410,11,17-11-2024,4215.85
760,191,31,04-12-2024,3486.49
761,292,125,02-07-2025,2829.88
762,112,98,15-08-2025,1662.93
763,198,183,05-02-2025,1969.89
764,318,138,09-06-2025,3189.2
765,324,172,17-03-2025,3537.16
766,50,112,26-01-2025,3442.31
767,473,108,04-09-2024,1134.37
768,90,158,24-06-2025,4402.22
769,496,181,25-06-2025,2004.93
770,26,192,24-12-2024,1417.34
771,210,138,23-03-2025,2431.23
772,279,97,16-06-2025,3246.85
773,380,14,28-07-2025,4961.8
774,358,3,21-01-2025,1916.05
775,116,80,06-02-2025,3310.82
776,177,189,22-12-2024,2681.56
777,394,86,06-05-2025,1410.76
778,149,47,22-03-2025,3897.69
779,500,184,30-11-2024,4002.4
780,414,23,31-07-2025,533.1
781,188,183,08-08-2025,3365.26
782,17,198,19-06-2025,1144.61
783,326,147,17-10-2024,1608.36
784,36,197,06-07-2025,4963.54
785,468,198,17-02-2025,633.65
786,165,186,06-03-2025,1271.48
787,15,86,09-05-2025,4150.63
788,258,8,17-11-2024,3504.63
789,156,48,13-01-2025,3216.99
790,271,132,13-08-2025,1402.29
791,369,4,30-07-2025,3034.2
792,343,140,07-06-2025,1379.15
793,252,166,01-02-2025,2640.49
794,499,74,11-09-2024,3497.91
795,262,154,10-01-2025,1534.67
796,229,9,30-05-2025,1054.81
797,427,185,15-01-2025,3579.93
798,29,189,21-09-2024,2156.88
799,492,40,10-03-2025,3113.73
800,439,46,31-03-2025,2527.11
801,199,166,18-04-2025,1232.12
802,276,44,31-08-2024,1902.75
803,60,197,01-08-2025,1960.52
804,166,177,10-08-2025,2473.12
805,261,123,20-07-2025,4161.18
806,367,199,14-10-2024,235.17
807,491,69,25-01-2025,4665.68
808,393,35,31-12-2024,901.53
809,111,18,19-03-2025,775.19
810,180,165,15-12-2024,2333.47
811,95,16,10-01-2025,1095.88
812,168,140,16-07-2025,3162.65
813,74,106,20-08-2024,3797.37
814,379,36,28-03-2025,1459.57
815,89,31,19-02-2025,677.54
816,418,165,20-04-2025,3081.13
817,336,14,22-03-2025,3233.84
818,47,111,24-05-2025,3546.22
819,367,76,16-08-2024,4649.05
820,78,79,08-07-2025,1238.71
821,493,5,30-11-2024,4858.02
822,457,121,01-08-2025,2474.18
823,247,74,20-06-2025,892.39
824,267,89,15-02-2025,1123.29
825,440,180,06-12-2024,1656.92
826,361,85,09-04-2025,388.69
827,497,108,29-01-2025,3023.15
828,489,65,02-02-2025,2351.07
829,76,103,01-02-2025,2003.74
830,128,107,26-06-2025,2697.18
831,223,110,20-02-2025,4173.32
832,228,2,22-06-2025,2472.42
833,214,94,01-03-2025,2696.15
834,374,144,28-05-2025,3576.77
835,452,191,10-11-2024,4088.61
836,360,119,15-02-2025,3170.19
837,323,43,01-06-2025,1530.83
838,240,179,01-10-2024,907.55
839,463,151,18-03-2025,4674.89
840,445,163,18-12-2024,1504.48
841,195,49,04-11-2024,3965.83
842,214,163,19-08-2024,1289.72
843,411,142,19-08-2024,3081.08
844,146,3,07-08-2025,2206.78
845,313,126,21-06-2025,1937.43
846,332,105,16-01-2025,3036.88
847,348,175,12-05-2025,4450.84
848,133,162,27-12-2024,3471.48
849,422,37,22-05-2025,383.67
850,492,124,27-03-2025,372.13
851,460,61,01-10-2024,438.38
852,183,101,01-01-2025,4524.74
853,105,117,26-09-2024,2578.33
854,305,48,28-10-2024,829.77
855,150,98,07-07-2025,1486.55
856,86,29,15-04-2025,3419.2
857,208,169,24-01-2025,532.32
858,158,102,19-07-2025,3532.36
859,227,124,08-03-2025,1898.76
860,208,89,02-07-2025,1100.25
861,467,93,16-09-2024,130.73
862,425,182,14-03-2025,1476.15
863,9,70,03-04-2025,4258.62
864,302,84,10-06-2025,3273.16
865,333,80,07-01-2025,3307.08
866,100,190,07-05-2025,287.18
867,494,49,26-06-2025,2886.96
868,488,31,03-08-2025,4864.16
869,38,53,28-09-2024,1454.94
870,300,36,30-08-2024,2221.31
871,233,89,14-04-2025,4769.95
872,293,27,11-08-2025,1809.39
873,78,97,21-04-2025,347.03
874,496,26,23-02-2025,2526.04
875,99,165,06-12-2024,4735.73
876,348,21,26-04-2025,4958.25
877,395,47,10-02-2025,3346.6
878,335,113,02-09-2024,2934.66
879,34,38,24-11-2024,4932.15
880,36,97,01-01-2025,3572.96
881,234,122,26-01-2025,1586.89
882,231,49,29-03-2025,1813.39
883,333,25,09-07-2025,1441.3
884,215,199,06-12-2024,1652
885,447,104,03-04-2025,2325.82
886,180,69,25-09-2024,3775.95
887,347,118,15-07-2025,872.44
888,13,7,01-12-2024,565.46
889,344,91,01-10-2024,2842.16
890,76,181,25-11-2024,1018.78
891,110,158,14-06-2025,2391.32
892,62,95,12-03-2025,471.02
893,66,53,13-02-2025,2332.09
894,46,20,15-06-2025,4422.22
895,47,7,18-11-2024,1268.24
896,62,43,02-11-2024,1272.91
897,285,60,12-10-2024,2896.14
898,196,78,08-03-2025,3258.8
899,358,141,05-11-2024,1491.85
900,427,60,18-10-2024,1566.21
901,374,91,05-03-2025,982.39
902,190,159,01-08-2025,1421.43
903,490,176,22-12-2024,3442.42
904,153,108,10-09-2024,1308.24
905,394,175,06-10-2024,3284.4
906,55,172,22-06-2025,3363.37
907,402,191,19-11-2024,3321.05
908,353,104,26-05-2025,3239.57
909,240,124,12-07-2025,4346.13
910,144,49,25-10-2024,4341.61
911,237,55,31-10-2024,280.49
912,183,49,16-08-2024,4548.77
913,66,176,28-01-2025,1676.3
914,246,43,17-08-2024,3384.06
915,312,90,01-06-2025,4318.7
916,241,165,22-02-2025,857.99
917,273,144,10-12-2024,1154.78
918,367,133,12-11-2024,4029.33
919,43,187,25-01-2025,2118.31
920,7,147,31-12-2024,3017.08
921,494,40,27-08-2024,3362.74
922,371,7,04-08-2025,2535.86
923,160,49,30-03-2025,1628.69
924,301,82,14-09-2024,4539.01
925,452,146,27-07-2025,914.23
926,51,33,04-12-2024,384.83
927,399,59,14-11-2024,3266.13
928,14,4,28-06-2025,3310.24
929,395,42,19-11-2024,1195.53
930,301,120,23-07-2025,464.91
931,117,25,07-04-2025,4793.15
932,47,169,08-07-2025,4865.07
933,74,20,20-01-2025,2481.98
934,331,140,17-09-2024,1614.19
935,197,107,27-08-2024,136.87
936,10,172,07-09-2024,4084.07
937,37,50,15-05-2025,3469.63
938,439,190,03-07-2025,3114.76
939,390,71,17-07-2025,2558.86
940,417,200,01-02-2025,1772.04
941,446,150,05-07-2025,4118.94
942,263,21,20-02-2025,4059.43
943,499,7,19-03-2025,4269.4
944,180,145,12-12-2024,3839.29
945,124,107,30-11-2024,1617.66
946,152,105,10-07-2025,668.93
947,9,133,08-12-2024,1634.49
948,400,46,31-12-2024,2665.77
949,490,66,12-07-2025,4481.14
950,307,50,20-01-2025,819.3
951,431,198,07-09-2024,3773.22
952,175,177,04-01-2025,4994.68
953,285,86,21-08-2024,3909.25
954,71,169,06-07-2025,4780.97
955,302,81,18-08-2024,3190.05
956,468,129,26-08-2024,309.36
957,77,193,27-05-2025,676.39
958,477,173,29-09-2024,2876.03
959,241,64,31-01-2025,3358.46
960,291,137,03-03-2025,3806.13
961,137,15,07-08-2025,3910.58
962,368,180,28-12-2024,842.56
963,88,6,27-03-2025,4550.54
964,430,107,15-06-2025,734.8
965,193,180,02-05-2025,1260.66
966,431,130,19-08-2024,1815.88
967,491,190,02-02-2025,3620.4
968,38,85,26-05-2025,3589.54
969,17,61,20-09-2024,1612.61
970,425,17,16-11-2024,653.08
971,117,94,08-03-2025,3042.28
972,163,36,29-07-2025,607.09
973,307,188,24-11-2024,599.56
974,356,51,08-03-2025,1626.66
975,36,60,28-06-2025,1806.75
976,75,47,24-03-2025,1742.63
977,311,115,01-04-2025,2181.46
978,108,2,23-07-2025,1408.24
979,365,75,14-04-2025,4696.32
980,389,138,10-04-2025,3400.61
981,118,110,18-10-2024,3713.93
982,206,83,08-05-2025,4878.78
983,115,141,03-02-2025,4295.56
984,21,149,13-09-2024,762.07
985,74,144,02-04-2025,1729.76
986,289,62,05-06-2025,733.9
987,326,94,27-01-2025,892.75
988,461,26,26-12-2024,4550.24
989,347,197,08-08-2025,4982.92
990,229,22,01-04-2025,3934.58
991,366,11,25-12-2024,4459.16
992,336,198,16-02-2025,3327.52
993,73,55,06-06-2025,2638.74
994,24,80,28-02-2025,3105.69
995,170,78,10-08-2025,499.35
996,381,50,22-10-2024,3724.26
997,67,132,14-07-2025,871.72
998,327,172,12-03-2025,4580.59
999,461,21,15-11-2024,3370.86
1000,240,41,28-08-2024,2405.49
1001,377,107,16-05-2025,544.93
1002,440,73,21-02-2025,4665.3
1003,455,98,30-01-2025,1580.77
1004,430,170,05-06-2025,4729.71
1005,216,187,02-09-2024,2191.33
1006,356,47,24-01-2025,4513.58
1007,357,11,20-09-2024,3390.04
1008,458,34,04-04-2025,1201.96
1009,125,189,25-08-2024,4055.64
1010,279,56,13-02-2025,2242.64
1011,463,106,29-08-2024,4411.72
1012,395,42,22-07-2025,4161.83
1013,368,139,19-03-2025,923.64
1014,403,26,25-04-2025,2071.92
1015,65,148,01-05-2025,2156.23
1016,247,109,15-09-2024,3643.81
1017,265,147,16-02-2025,1213.01
1018,412,37,03-06-2025,2477.51
1019,491,74,27-10-2024,3818.96
1020,274,176,24-09-2024,789.15
1021,124,75,22-01-2025,2368.26
1022,141,67,19-02-2025,952.54
1023,257,10,09-02-2025,981.18
1024,396,163,15-03-2025,3620.9
1025,52,137,17-02-2025,4930.32
1026,38,184,10-09-2024,866.83
1027,82,134,16-12-2024,2980.85
1028,433,169,31-01-2025,2560.96
1029,338,163,16-10-2024,1574.11
1030,132,80,13-06-2025,147.73
1031,370,73,19-12-2024,4979.32
1032,385,195,16-01-2025,4592.62
1033,297,41,09-01-2025,1149.18
1034,164,105,14-01-2025,2779.4
1035,102,45,16-09-2024,2714.84
1036,386,25,14-08-2025,4395.5
1037,245,74,24-10-2024,860.36
1038,271,192,31-12-2024,1307.59
1039,212,55,04-02-2025,275.87
1040,40,3,12-07-2025,4985.65
1041,246,188,01-12-2024,3618.2
1042,233,111,12-01-2025,1437.49
1043,396,129,15-12-2024,3228.17
1044,53,126,04-08-2025,3878.76
1045,194,114,22-11-2024,3687.15
1046,269,131,05-04-2025,3762.78
1047,410,28,17-07-2025,4424
1048,116,80,01-09-2024,4174.5
1049,339,188,25-05-2025,2263.02
1050,425,44,27-03-2025,403.94
1051,269,36,24-09-2024,4623.62
1052,233,55,29-01-2025,691.7
1053,101,102,05-09-2024,1428.1
1054,480,83,22-10-2024,4199.46
1055,234,128,05-07-2025,1649.07
1056,395,62,23-04-2025,3647.77
1057,347,160,15-04-2025,1917.38
1058,118,110,22-06-2025,4994.95
1059,56,28,13-05-2025,2960.47
1060,368,72,07-07-2025,4569.01
1061,154,106,26-02-2025,3316.27
1062,190,70,15-10-2024,3834.53
1063,221,33,04-07-2025,871.59
1064,461,30,18-11-2024,2770.44
1065,54,98,26-09-2024,1866.29
1066,441,118,22-05-2025,374.63
1067,385,30,19-03-2025,4685.99
1068,494,105,19-02-2025,884.71
1069,424,145,30-09-2024,1964.33
1070,330,169,05-07-2025,853.47
1071,26,149,15-03-2025,107.65
1072,398,85,10-12-2024,4913.49
1073,283,99,21-01-2025,670.86
1074,332,36,30-11-2024,729.19
1075,496,52,12-11-2024,709.39
1076,12,83,05-05-2025,4540.15
1077,101,178,17-12-2024,3818.09
1078,274,168,18-09-2024,2991.62
1079,309,15,14-10-2024,4395.07
1080,296,75,19-04-2025,2954.31
1081,339,107,11-09-2024,3758.36
1082,451,130,12-07-2025,1766.63
1083,228,86,21-01-2025,347.82
1084,495,14,27-08-2024,3731.84
1085,8,80,02-01-2025,150.81
1086,40,167,12-03-2025,637.49
1087,411,191,24-06-2025,4045.69
1088,87,178,18-08-2024,2929.07
1089,436,164,10-11-2024,4617.01
1090,9,22,16-11-2024,752.45
1091,187,191,10-03-2025,1788.15
1092,313,162,03-05-2025,2223.47
1093,233,49,31-12-2024,2709.01
1094,456,5,23-09-2024,4133.92
1095,66,159,24-04-2025,4761.67
1096,188,108,24-07-2025,3546.18
1097,95,72,21-10-2024,1526.95
1098,315,141,08-03-2025,4789.58
1099,299,114,12-02-2025,178.53
1100,147,2,19-08-2024,1379.75
1101,119,46,16-06-2025,1948.95
1102,492,73,22-02-2025,2562.54
1103,403,15,03-02-2025,1243.29
1104,497,174,03-04-2025,2176.93
1105,288,94,03-11-2024,2368.34
1106,205,26,05-12-2024,2783.84
1107,196,68,28-10-2024,1513.94
1108,349,185,06-05-2025,510.84
1109,298,158,30-07-2025,1879.72
1110,310,106,11-04-2025,2782.17
1111,407,174,06-03-2025,2644.73
1112,283,97,11-03-2025,3523.98
1113,459,108,25-02-2025,280.62
1114,409,93,27-02-2025,768.56
1115,188,161,10-05-2025,4224.76
1116,316,131,12-03-2025,2424.19
1117,259,197,16-02-2025,4465.99
1118,226,118,28-04-2025,869.63
1119,67,101,07-09-2024,1273.14
1120,294,194,12-02-2025,3930.68
1121,418,78,15-06-2025,1094.38
1122,290,180,09-05-2025,283.46
1123,242,125,19-03-2025,4949.29
1124,482,146,03-01-2025,3572.95
1125,338,152,02-12-2024,1876.49
1126,264,141,07-08-2025,656.13
1127,212,63,28-11-2024,3995.19
1128,335,86,29-07-2025,1524.85
1129,462,93,18-06-2025,4394.5
1130,57,5,03-08-2025,247.18
1131,372,94,06-10-2024,850.19
1132,413,50,19-11-2024,4964.67
1133,132,152,24-10-2024,3864.38
1134,212,121,08-04-2025,3185.98
1135,120,188,14-07-2025,3064.56
1136,358,109,24-08-2024,3409
1137,370,88,29-11-2024,2033.82
1138,291,102,01-11-2024,4645.77
1139,488,71,06-09-2024,2743.17
1140,423,62,26-11-2024,4602.16
1141,398,33,12-12-2024,3450.14
1142,408,70,17-06-2025,1471.8
1143,369,112,01-11-2024,814.08
1144,461,61,24-11-2024,782.95
1145,432,36,09-08-2025,3962.73
1146,131,141,02-05-2025,4130.96
1147,59,69,29-03-2025,2806.02
1148,56,59,22-11-2024,1335
1149,32,178,10-12-2024,1690.53
1150,152,132,22-11-2024,3486.14
1151,219,14,14-01-2025,719.65
1152,150,199,10-01-2025,2946.44
1153,40,44,04-06-2025,1485.44
1154,496,92,02-01-2025,194.99
1155,241,157,02-01-2025,4250.14
1156,82,91,26-02-2025,897.66
1157,434,149,08-06-2025,420.46
1158,372,156,26-06-2025,4075.47
1159,205,118,01-05-2025,3698.51
1160,248,178,05-09-2024,263.62
1161,12,106,20-02-2025,739.09
1162,324,4,02-08-2025,2436.57
1163,1,174,12-05-2025,2953.96
1164,117,67,05-08-2025,3569.16
1165,35,138,29-06-2025,4992.78
1166,112,48,20-08-2024,673.07
1167,56,104,06-04-2025,2217.44
1168,115,14,11-11-2024,2872.67
1169,146,23,06-10-2024,1798.48
1170,183,55,13-07-2025,2983.08
1171,35,38,06-06-2025,3311.38
1172,419,135,25-08-2024,4011.81
1173,397,45,15-08-2025,2119.89
1174,470,136,31-01-2025,1869.61
1175,80,97,29-09-2024,1826.44
1176,472,94,21-11-2024,3900.14
1177,263,101,22-06-2025,492.33
1178,47,63,16-06-2025,4335.7
1179,106,157,01-12-2024,3768.53
1180,324,5,07-10-2024,2150.58
1181,364,187,14-10-2024,1186.06
1182,69,151,03-11-2024,3733.51
1183,230,141,13-12-2024,1173.38
1184,72,5,05-12-2024,2519.7
1185,186,195,10-11-2024,4895.66
1186,283,112,02-03-2025,1191.93
1187,194,131,25-09-2024,3514.4
1188,152,39,26-02-2025,2424.91
1189,284,128,10-08-2025,2451.3
1190,306,43,15-06-2025,2356.07
1191,85,63,31-01-2025,3475.52
1192,336,79,13-03-2025,3142.97
1193,481,199,21-05-2025,2285.89
1194,261,133,23-09-2024,4967.23
1195,81,110,04-12-2024,1588.21
1196,38,185,08-07-2025,3756.6
1197,241,146,02-10-2024,4178.45
1198,380,36,11-08-2025,2075.1
1199,477,95,29-05-2025,1196.62
1200,87,136,07-12-2024,1253.7
1201,393,23,04-06-2025,2203.55
1202,460,93,11-03-2025,1827.88
1203,59,111,08-10-2024,3060.91
1204,241,107,26-11-2024,1620.51
1205,482,186,28-07-2025,4671.88
1206,172,57,15-08-2024,3004.45
1207,320,81,28-04-2025,1313.24
1208,34,86,28-04-2025,567.43
1209,282,153,01-04-2025,4598.5
1210,242,88,13-03-2025,1128.41
1211,247,109,27-04-2025,1346.32
1212,285,123,17-03-2025,3994.16
1213,479,96,23-09-2024,2735.6
1214,336,147,09-07-2025,1648.13
1215,118,1,06-05-2025,643.73
1216,424,14,17-10-2024,3510.08
1217,73,3,03-12-2024,1308.21
1218,467,23,21-05-2025,4308.44
1219,167,32,17-11-2024,4415.09
1220,191,197,08-06-2025,4093.34
1221,131,143,24-05-2025,1711.9
1222,492,37,04-06-2025,3940.73
1223,485,6,08-06-2025,1694.21
1224,179,13,06-02-2025,4848.12
1225,171,178,16-09-2024,1227.92
1226,129,112,01-01-2025,3366.38
1227,476,53,10-08-2025,4946.98
1228,116,94,01-08-2025,2231.22
1229,207,129,05-03-2025,1652.46
1230,221,74,13-10-2024,697.76
1231,10,174,19-05-2025,1604.68
1232,448,165,09-12-2024,991.01
1233,69,181,03-07-2025,1207.86
1234,192,81,26-11-2024,3252.96
1235,369,74,09-01-2025,2231.84
1236,24,173,03-02-2025,3567.99
1237,146,16,10-12-2024,2479.71
1238,362,46,31-10-2024,3636.67
1239,103,151,02-11-2024,620.9
1240,13,194,19-05-2025,2154.99
1241,80,76,18-08-2024,3142.49
1242,370,127,25-05-2025,1722.1
1243,224,134,16-11-2024,337.18
1244,102,45,04-02-2025,4140.26
1245,437,46,16-02-2025,356.18
1246,260,69,17-08-2024,3433.08
1247,472,134,09-12-2024,1958.45
1248,401,88,28-12-2024,1081.4
1249,53,7,21-05-2025,3099.05
1250,85,3,14-06-2025,4377.58
1251,342,103,13-05-2025,2488.81
1252,92,192,11-11-2024,336.89
1253,48,66,14-01-2025,4450.24
1254,278,158,27-10-2024,1742.56
1255,187,183,30-03-2025,3293.65
1256,202,178,01-09-2024,4078.15
1257,264,57,03-06-2025,1640.92
1258,416,124,28-04-2025,3723.13
1259,74,133,05-01-2025,1590.3
1260,218,180,04-04-2025,4423.78
1261,417,150,16-04-2025,165.55
1262,496,161,10-06-2025,4389.09
1263,15,16,03-06-2025,1762.03
1264,481,23,12-03-2025,840.84
1265,41,134,24-02-2025,3896.98
1266,34,28,14-01-2025,847.19
1267,231,196,05-04-2025,3191.44
1268,406,81,01-02-2025,726.85
1269,178,131,28-12-2024,2164.11
1270,196,28,13-08-2025,325.58
1271,158,3,03-04-2025,1570.91
1272,444,54,24-08-2024,877.21
1273,288,8,01-10-2024,641.51
1274,297,14,05-03-2025,472.01
1275,107,132,24-09-2024,1996.41
1276,215,130,26-09-2024,122.73
1277,107,124,13-06-2025,2517.73
1278,277,113,28-02-2025,3239.64
1279,198,113,25-02-2025,3844.75
1280,301,137,19-11-2024,2253.63
1281,437,194,14-06-2025,3181.94
1282,19,147,14-12-2024,414.82
1283,447,189,26-11-2024,3876.47
1284,238,189,01-09-2024,4594.68
1285,316,166,08-02-2025,1100.66
1286,296,121,30-01-2025,518.2
1287,48,150,30-07-2025,4166.55
1288,227,83,01-10-2024,553.48
1289,48,38,30-03-2025,4080.02
1290,337,55,09-04-2025,3511.67
1291,375,37,24-08-2024,178.75
1292,405,51,14-10-2024,1718.58
1293,195,180,21-07-2025,1432.09
1294,484,150,12-09-2024,1462.77
1295,202,110,24-09-2024,3056.56
1296,47,165,12-12-2024,1307.44
1297,145,41,08-05-2025,1053.6
1298,153,88,08-05-2025,1234.74
1299,357,24,22-05-2025,1165.68
1300,253,53,05-05-2025,1968.06
1301,439,149,24-08-2024,266.34
1302,33,111,26-09-2024,2219.09
1303,98,108,16-10-2024,437.96
1304,152,32,31-03-2025,3599.55
1305,218,101,20-11-2024,664.7
1306,144,9,08-09-2024,3209.15
1307,159,30,14-04-2025,4444.51
1308,409,84,06-12-2024,1209.46
1309,92,72,28-04-2025,1039.69
1310,171,116,18-10-2024,2858.35
1311,306,135,08-04-2025,1155.7
1312,377,14,02-11-2024,550.16
1313,53,106,06-05-2025,2095.82
1314,446,120,30-10-2024,2942.43
1315,419,3,02-02-2025,1421.83
1316,230,96,29-10-2024,849.9
1317,292,143,01-08-2025,504.5
1318,318,77,04-09-2024,2039.65
1319,270,65,03-04-2025,4121.39
1320,140,1,25-10-2024,2684.86
1321,298,101,06-08-2025,3035.74
1322,158,170,26-03-2025,1776.43
1323,222,17,22-03-2025,4967.11
1324,44,48,01-04-2025,2256.09
1325,340,90,31-03-2025,1578.26
1326,342,89,11-04-2025,2417.78
1327,206,67,09-06-2025,3687.78
1328,325,66,29-01-2025,4963.53
1329,286,30,26-04-2025,2562.55
1330,475,172,23-05-2025,3896.53
1331,484,106,30-03-2025,1308.92
1332,256,164,04-08-2025,3262.25
1333,312,82,31-12-2024,2404.23
1334,409,113,22-02-2025,3448.64
1335,4,197,01-11-2024,1560.06
1336,250,140,15-05-2025,4401.37
1337,207,123,29-10-2024,4184.79
1338,252,181,18-11-2024,2103.72
1339,169,86,18-09-2024,4718.34
1340,89,179,13-11-2024,3526.09
1341,82,106,12-11-2024,1073.59
1342,17,154,21-08-2024,840.76
1343,32,86,27-08-2024,2865.33
1344,320,100,08-09-2024,968.52
1345,164,66,23-11-2024,2690.5
1346,101,178,11-04-2025,1369.71
1347,470,76,13-10-2024,3118.96
1348,351,25,16-06-2025,4797.95
1349,262,141,19-06-2025,3082.51
1350,180,122,26-10-2024,2215.06
1351,499,32,04-07-2025,4713.75
1352,138,146,26-02-2025,1817.83
1353,495,68,14-02-2025,801.2
1354,166,96,18-10-2024,1643.41
1355,298,72,11-09-2024,2643.87
1356,273,177,12-05-2025,2630.07
1357,119,90,07-07-2025,255.87
1358,144,17,13-05-2025,2447.07
1359,412,107,28-08-2024,799.31
1360,486,57,18-08-2024,4497.23
1361,397,85,23-10-2024,2468.33
1362,364,100,16-01-2025,2361.69
1363,481,32,30-03-2025,4290.59
1364,118,62,14-02-2025,3085.12
1365,132,153,19-10-2024,2754.04
1366,212,58,16-05-2025,4050.71
1367,483,17,28-04-2025,1298.19
1368,348,98,29-08-2024,1229.76
1369,161,84,20-05-2025,1039.43
1370,335,177,28-04-2025,594
1371,124,110,04-04-2025,1167.24
1372,52,144,25-07-2025,2694.38
1373,134,40,15-07-2025,2480.2
1374,192,72,14-08-2025,2707.37
1375,137,135,29-04-2025,1004.57
1376,177,100,28-07-2025,2111.29
1377,292,44,11-03-2025,3839.32
1378,197,142,09-03-2025,2684.52
1379,211,106,03-01-2025,1870.88
1380,121,28,04-05-2025,3806.45
1381,199,39,19-02-2025,3908.34
1382,229,139,05-10-2024,1880.13
1383,400,17,06-05-2025,2420.98
1384,389,9,15-06-2025,3975.3
1385,353,191,30-04-2025,3347.12
1386,433,57,29-03-2025,3024.69
1387,462,154,30-10-2024,108.95
1388,133,101,29-08-2024,4135.61
1389,21,109,22-04-2025,3587.72
1390,216,177,30-07-2025,3202.34
1391,110,37,16-01-2025,1161.48
1392,379,191,23-10-2024,4284.88
1393,69,65,30-10-2024,575.33
1394,71,94,07-09-2024,4097.33
1395,32,106,20-05-2025,2564.02
1396,460,193,26-12-2024,2781.91
1397,106,166,14-12-2024,3471.21
1398,198,111,21-12-2024,1792.79
1399,200,20,03-08-2025,4047.48
1400,174,3,16-04-2025,4578.29
1401,64,109,24-12-2024,1104.36
1402,241,173,04-10-2024,994.33
1403,457,77,02-08-2025,3932.82
1404,258,116,15-11-2024,3996.55
1405,258,130,17-12-2024,1217.34
1406,17,160,23-08-2024,4896.35
1407,409,156,07-03-2025,4616.11
1408,71,171,09-01-2025,1381.18
1409,274,139,24-01-2025,2742.52
1410,467,137,25-05-2025,2501.16
1411,323,99,28-06-2025,2440.17
1412,471,91,08-08-2025,3394.84
1413,261,56,15-04-2025,1645.26
1414,302,80,11-08-2025,2536.43
1415,484,155,20-03-2025,334.54
1416,87,164,05-12-2024,2121.96
1417,27,68,07-02-2025,3059.67
1418,95,194,01-03-2025,4412.76
1419,256,174,10-10-2024,1011.91
1420,107,32,01-06-2025,134.02
1421,232,80,26-04-2025,3554.6
1422,366,200,15-03-2025,840.15
1423,335,96,18-12-2024,4797.58
1424,153,175,13-02-2025,3533.01
1425,240,135,21-03-2025,1095.74
1426,418,115,19-01-2025,4317
1427,358,2,24-11-2024,1860.57
1428,95,69,01-10-2024,2189.51
1429,213,96,12-08-2025,3265.44
1430,140,122,21-04-2025,153.46
1431,116,169,10-05-2025,4797.29
1432,140,172,27-06-2025,2594.55
1433,97,43,20-01-2025,3645.25
1434,412,184,23-12-2024,1870.17
1435,497,107,07-10-2024,2250
1436,414,6,10-02-2025,2852.85
1437,154,63,05-11-2024,2496.06
1438,409,83,02-04-2025,3079.39
1439,27,131,17-04-2025,1044.64
1440,104,162,14-06-2025,1136.46
1441,40,72,10-04-2025,222.89
1442,103,139,07-08-2025,3361.26
1443,473,100,13-09-2024,4030.95
1444,274,192,13-03-2025,3917.72
1445,409,112,27-09-2024,3103.19
1446,46,12,28-12-2024,210.54
1447,494,127,24-07-2025,2719.38
1448,44,146,15-12-2024,1305.33
1449,401,124,17-06-2025,1049.71
1450,406,153,14-11-2024,4529.08
1451,239,185,21-01-2025,4801.76
1452,182,136,10-07-2025,2457.73
1453,137,72,26-04-2025,1422.72
1454,90,164,14-02-2025,1498.54
1455,382,9,07-05-2025,3270.61
1456,123,121,20-08-2024,146.28
1457,290,14,02-08-2025,397.13
1458,468,154,07-08-2025,2150.26
1459,7,124,12-03-2025,4274.96
1460,445,16,27-02-2025,2671.88
1461,275,59,17-11-2024,260.79
1462,445,56,23-12-2024,1617.08
1463,7,102,17-08-2024,2876.39
1464,304,55,05-02-2025,1767.27
1465,239,34,13-03-2025,3629.08
1466,188,49,23-05-2025,444.19
1467,415,160,19-10-2024,3816.02
1468,306,42,05-01-2025,3161.79
1469,67,72,23-10-2024,3610
1470,52,124,23-10-2024,2875.43
1471,143,80,21-01-2025,2231.24
1472,222,88,31-05-2025,1252.78
1473,228,15,24-03-2025,3524.99
1474,123,85,28-09-2024,4804.29
1475,341,182,25-05-2025,650.06
1476,387,57,04-12-2024,4092.4
1477,306,69,15-06-2025,2636.19
1478,93,172,08-03-2025,2711.48
1479,183,194,06-07-2025,760.58
1480,387,17,13-08-2025,942.62
1481,394,145,01-04-2025,1199.71
1482,114,24,01-05-2025,1422.95
1483,219,56,17-09-2024,1408.31
1484,386,57,20-07-2025,3663.53
1485,183,155,26-06-2025,575.32
1486,353,37,07-07-2025,3184.74
1487,9,117,11-11-2024,3417.34
1488,320,66,14-07-2025,3432.54
1489,298,19,10-05-2025,4868.92
1490,101,7,06-03-2025,2998.93
1491,273,74,29-10-2024,3265.95
1492,129,109,18-06-2025,2617.15
1493,449,176,08-12-2024,4924.21
1494,12,123,28-05-2025,2068.53
1495,230,48,11-11-2024,3268.88
1496,262,186,08-03-2025,4690.62
1497,245,124,21-05-2025,3588.11
1498,395,32,02-09-2024,3177.53
1499,45,85,29-06-2025,2670.95
1500,280,6,08-10-2024,3348.58
1501,268,136,25-03-2025,4288.6
1502,333,48,31-10-2024,4635.21
1503,151,42,29-12-2024,4888.92
1504,493,169,04-06-2025,2922.07
1505,444,157,26-05-2025,1619.63
1506,18,75,27-07-2025,4905.36
1507,104,6,29-04-2025,2864.99
1508,390,188,28-04-2025,727.6
1509,373,136,11-02-2025,2682.16
1510,182,87,02-08-2025,824.27
1511,249,57,20-08-2024,2830.5
1512,339,48,25-04-2025,4195.68
1513,119,32,25-12-2024,329.05
1514,71,189,14-09-2024,2415.64
1515,45,38,18-06-2025,3593.08
1516,443,58,04-02-2025,2342.29
1517,22,68,15-12-2024,1087.21
1518,5,34,10-06-2025,3303.09
1519,329,167,13-05-2025,2426.58
1520,71,161,13-08-2025,3440.72
1521,40,1,08-06-2025,374.71
1522,429,145,17-07-2025,1980.56
1523,231,172,13-02-2025,2077.09
1524,311,121,15-10-2024,4079.7
1525,494,94,23-09-2024,1871.32
1526,234,165,31-08-2024,2000.19
1527,301,71,04-02-2025,1258.12
1528,300,109,07-04-2025,3950.33
1529,132,109,14-03-2025,4375.85
1530,177,25,04-02-2025,2751.81
1531,42,143,15-02-2025,4458.06
1532,461,126,21-04-2025,2004.94
1533,11,95,24-10-2024,1327.18
1534,152,167,08-10-2024,2246.07
1535,188,35,24-06-2025,220.09
1536,37,180,31-12-2024,4282.01
1537,62,42,25-05-2025,2734.98
1538,433,138,18-11-2024,4594.95
1539,239,87,25-08-2024,2886.24
1540,248,73,23-05-2025,475.23
1541,368,109,10-08-2025,1336.18
1542,237,102,04-04-2025,4039.73
1543,382,13,08-07-2025,2952.7
1544,202,120,06-06-2025,1380.7
1545,303,11,04-08-2025,4339.11
1546,196,79,09-01-2025,4024.22
1547,7,83,27-03-2025,2362.21
1548,87,60,16-10-2024,4630.99
1549,309,91,31-12-2024,3748.24
1550,80,25,08-05-2025,2335.38
1551,126,186,17-05-2025,483.81
1552,36,75,02-04-2025,3950.97
1553,407,13,04-04-2025,1140.2
1554,311,28,16-10-2024,4873.66
1555,85,67,30-04-2025,602.43
1556,296,79,21-07-2025,1892.92
1557,166,107,14-07-2025,4939.08
1558,453,104,29-07-2025,1755.07
1559,420,80,09-10-2024,235.75
1560,484,132,04-11-2024,3734.09
1561,136,101,14-11-2024,2676.53
1562,460,182,24-06-2025,2313.6
1563,191,69,15-11-2024,3568.64
1564,224,77,11-02-2025,2648.03
1565,417,39,04-05-2025,2525.75
1566,13,89,24-09-2024,4623.81
1567,25,5,27-10-2024,980.88
1568,252,76,28-07-2025,1406.88
1569,28,102,27-07-2025,1488.87
1570,264,38,14-06-2025,3158.88
1571,78,90,23-01-2025,2855.42
1572,165,120,26-11-2024,1632.02
1573,160,179,15-08-2025,1295.97
1574,153,181,08-11-2024,2224.03
1575,115,12,17-11-2024,3761.13
1576,89,196,28-03-2025,4465
1577,419,119,10-07-2025,1760
1578,41,5,21-12-2024,4036.93
1579,294,107,02-07-2025,2382.56
1580,300,197,09-07-2025,3616.45
1581,233,132,01-01-2025,971.35
1582,329,80,06-02-2025,3735.1
1583,296,83,13-01-2025,933.06
1584,387,8,14-10-2024,103.7
1585,451,49,29-08-2024,340.74
1586,329,136,29-12-2024,4799.66
1587,395,8,03-05-2025,3756.02
1588,443,71,25-04-2025,3967.84
1589,378,98,14-04-2025,3054.18
1590,398,28,18-05-2025,1813.47
1591,130,9,20-04-2025,3224.8
1592,135,86,16-04-2025,3052.83
1593,390,173,27-12-2024,2622.73
1594,295,11,28-09-2024,4524.38
1595,438,19,03-12-2024,4890.65
1596,152,135,28-12-2024,4851.47
1597,348,185,31-07-2025,794.74
1598,445,25,04-12-2024,2781.27
1599,385,88,17-11-2024,3591.86
1600,242,55,10-06-2025,1064.57
1601,450,87,30-10-2024,4521.24
1602,468,154,29-07-2025,319.78
1603,175,10,10-09-2024,4354.21
1604,208,83,22-05-2025,2763.83
1605,482,178,16-08-2024,4426.78
1606,63,101,31-03-2025,870.76
1607,254,16,01-09-2024,3802.65
1608,182,122,06-03-2025,2020.93
1609,342,160,29-12-2024,3746.35
1610,157,99,09-01-2025,3793.63
1611,430,143,26-07-2025,1473.83
1612,418,132,22-05-2025,315.1
1613,277,130,11-02-2025,3361.19
1614,293,72,01-09-2024,3385.59
1615,357,96,11-05-2025,2949.46
1616,47,151,25-09-2024,496.53
1617,119,172,14-02-2025,527.72
1618,444,83,06-12-2024,2641.24
1619,434,159,14-02-2025,2888.13
1620,134,44,17-04-2025,4773.06
1621,44,119,12-06-2025,271.83
1622,36,127,04-06-2025,3927.49
1623,448,29,22-01-2025,120.16
1624,481,93,10-05-2025,974.61
1625,115,116,26-06-2025,2265.05
1626,475,96,09-10-2024,3990.09
1627,81,77,24-07-2025,4594.5
1628,24,88,29-01-2025,1263.05
1629,165,92,14-12-2024,736.6
1630,179,155,18-01-2025,965.54
1631,63,77,27-03-2025,4863.77
1632,325,148,27-11-2024,1406.65
1633,405,170,14-04-2025,2013.45
1634,455,53,09-10-2024,729.55
1635,17,50,03-01-2025,2992.11
1636,20,88,06-02-2025,3621.07
1637,247,53,03-08-2025,2677.46
1638,206,124,22-03-2025,2996.56
1639,220,148,26-08-2024,2297.32
1640,168,111,13-02-2025,3145.78
1641,218,25,12-02-2025,4466.35
1642,341,122,13-09-2024,3170.64
1643,380,114,13-01-2025,3692.43
1644,370,138,23-08-2024,2885.16
1645,185,135,20-06-2025,4723.73
1646,177,100,19-08-2024,989.79
1647,8,91,21-06-2025,4562.92
1648,144,22,11-10-2024,2545.96
1649,38,38,24-11-2024,3583.28
1650,291,107,22-11-2024,4778.75
1651,211,154,07-10-2024,3526.01
1652,304,111,28-08-2024,1299.47
1653,299,127,27-02-2025,577.41
1654,456,156,18-06-2025,2002.41
1655,476,152,04-09-2024,2747.06
1656,184,12,25-12-2024,811.51
1657,258,15,23-06-2025,1951.76
1658,333,75,27-05-2025,451.65
1659,256,136,19-02-2025,4922.69
1660,121,132,21-05-2025,1629.9
1661,449,155,27-11-2024,2368.99
1662,307,5,05-05-2025,917.41
1663,486,69,04-03-2025,1801.41
1664,414,123,13-05-2025,4983.26
1665,244,47,24-10-2024,884.42
1666,115,156,03-09-2024,2702.93
1667,184,74,17-03-2025,1145.58
1668,341,23,17-07-2025,4696.4
1669,116,77,02-07-2025,4170.33
1670,24,20,11-12-2024,2322.61
1671,346,125,12-03-2025,995.32
1672,434,57,28-04-2025,1082.78
1673,50,140,11-03-2025,3128.38
1674,409,182,22-07-2025,4120.27
1675,103,79,22-04-2025,927.04
1676,324,138,03-07-2025,732.6
1677,409,78,05-12-2024,3055.52
1678,191,183,02-05-2025,4846.59
1679,375,102,15-05-2025,2928.88
1680,16,125,19-09-2024,1907.44
1681,125,164,21-01-2025,3126.58
1682,500,146,19-09-2024,486.89
1683,252,43,13-08-2025,810.42
1684,343,168,30-12-2024,600.48
1685,249,79,31-07-2025,1061.85
1686,213,174,26-07-2025,4522.24
1687,93,129,03-12-2024,2574.57
1688,377,180,24-09-2024,4332.6
1689,235,101,15-12-2024,881.43
1690,473,137,21-03-2025,3865.46
1691,301,26,02-03-2025,3567.14
1692,150,107,18-03-2025,536.12
1693,463,146,20-12-2024,1672.11
1694,428,18,27-11-2024,3976.79
1695,60,33,29-04-2025,3900.24
1696,190,99,09-04-2025,1258.1
1697,228,185,10-04-2025,805.54
1698,129,84,21-02-2025,4726.14
1699,54,25,12-12-2024,2901.36
1700,142,155,04-07-2025,1753.71
1701,103,74,11-06-2025,3167.01
1702,184,43,01-12-2024,1543.92
1703,470,140,27-06-2025,439.4
1704,142,42,01-04-2025,359.09
1705,129,120,13-06-2025,1725.11
1706,410,47,09-08-2025,2965.55
1707,7,79,08-02-2025,1351.51
1708,465,188,25-02-2025,1204.63
1709,5,100,29-01-2025,3632.68
1710,74,134,29-03-2025,2380.08
1711,371,38,31-10-2024,4778.86
1712,371,149,30-01-2025,2990.66
1713,355,63,16-03-2025,2858.62
1714,183,149,29-12-2024,3182.25
1715,8,93,30-07-2025,2636.58
1716,423,117,18-10-2024,1632.41
1717,250,22,22-08-2024,1566
1718,188,46,03-10-2024,2956.29
1719,391,70,27-07-2025,2519.03
1720,89,34,13-03-2025,4248.45
1721,319,161,05-12-2024,2659.45
1722,48,1,23-03-2025,2678.87
1723,472,68,23-05-2025,1197.07
1724,283,110,18-07-2025,1142.96
1725,415,87,22-05-2025,932.96
1726,295,97,19-06-2025,648.17
1727,227,177,20-11-2024,1664.77
1728,303,165,24-12-2024,134.26
1729,447,81,10-11-2024,3712.23
1730,236,142,14-10-2024,3473.97
1731,48,130,11-10-2024,4195.63
1732,409,128,13-09-2024,3019.31
1733,163,97,02-11-2024,3820.74
1734,72,77,29-09-2024,793.62
1735,44,28,18-04-2025,2352.43
1736,51,9,14-06-2025,3766.4
1737,114,24,09-06-2025,3006.16
1738,100,190,24-05-2025,4599.42
1739,71,72,16-10-2024,3958.59
1740,208,134,09-04-2025,2061.74
1741,499,153,04-07-2025,1108.11
1742,216,175,29-10-2024,603.57
1743,436,19,15-08-2024,619.86
1744,287,55,04-07-2025,4689.78
1745,88,155,02-09-2024,2750.54
1746,289,40,05-06-2025,3159.78
1747,344,144,17-07-2025,2978.21
1748,25,89,21-11-2024,139.21
1749,398,104,09-09-2024,4959.28
1750,4,141,20-04-2025,980.96
1751,27,15,21-02-2025,1653.12
1752,141,111,05-02-2025,3480.03
1753,496,94,19-06-2025,1865.98
1754,58,45,15-04-2025,4478.54
1755,350,150,21-02-2025,4279.6
1756,485,100,17-04-2025,3078.86
1757,370,93,16-08-2024,1507.25
1758,131,38,27-11-2024,2182.98
1759,229,44,04-08-2025,336.33
1760,290,127,21-12-2024,2285.77
1761,172,126,04-09-2024,344.51
1762,43,196,13-01-2025,1453.37
1763,386,135,25-08-2024,2325.14
1764,397,152,18-11-2024,1083.71
1765,310,33,23-06-2025,966.73
1766,304,75,06-06-2025,4175.14
1767,192,137,25-04-2025,1220.49
1768,99,127,26-07-2025,1130.04
1769,63,179,16-05-2025,3217.09
1770,177,146,11-03-2025,2347.32
1771,46,69,11-01-2025,4287.58
1772,478,13,26-01-2025,3905.53
1773,109,121,05-05-2025,4627.3
1774,154,9,24-12-2024,3420.17
1775,405,117,19-09-2024,2194.4
1776,54,100,07-04-2025,537.94
1777,169,10,24-10-2024,3301.85
1778,43,191,11-08-2025,1269.4
1779,107,198,15-01-2025,2434.38
1780,136,196,14-05-2025,2902.02
1781,161,77,25-09-2024,808.93
1782,223,63,03-09-2024,4410.15
1783,189,34,20-12-2024,1104.78
1784,104,50,04-12-2024,987.6
1785,283,95,28-01-2025,2725.96
1786,419,148,04-09-2024,4733.64
1787,351,172,27-07-2025,1865.59
1788,106,177,03-01-2025,3855.12
1789,56,32,17-07-2025,2710.02
1790,96,23,01-10-2024,4467.74
1791,383,91,24-04-2025,1544.21
1792,147,100,05-07-2025,2276.93
1793,34,60,03-05-2025,2455.46
1794,302,20,22-05-2025,493.32
1795,398,13,16-04-2025,2332.89
1796,382,21,25-01-2025,493.47
1797,260,113,25-07-2025,434.86
1798,199,68,05-03-2025,717.9
1799,121,162,18-06-2025,1930.82
1800,48,158,28-08-2024,4695.28
1801,322,185,23-08-2024,4181.06
1802,364,119,25-11-2024,836.18
1803,244,64,08-05-2025,969.1
1804,448,186,30-11-2024,268.85
1805,110,188,03-01-2025,1415.77
1806,327,108,04-04-2025,1728.13
1807,37,106,17-03-2025,2424.91
1808,364,98,21-06-2025,4079.34
1809,397,136,07-04-2025,971.52
1810,261,30,26-11-2024,2641.85
1811,232,45,31-01-2025,3682.95
1812,472,124,15-06-2025,2871.67
1813,262,53,12-07-2025,3116.02
1814,372,168,18-07-2025,573.77
1815,490,87,01-09-2024,4654.35
1816,40,185,12-10-2024,2808.24
1817,4,9,26-08-2024,2148.57
1818,166,102,02-08-2025,4326.49
1819,497,75,06-09-2024,4176.63
1820,27,120,23-01-2025,694.01
1821,360,56,23-04-2025,551.83
1822,348,145,23-02-2025,4125.72
1823,320,148,29-11-2024,4766.97
1824,218,16,20-12-2024,3609.8
1825,132,21,16-03-2025,1564.02
1826,342,26,04-11-2024,3700.22
1827,246,61,03-03-2025,4963.28
1828,332,85,19-09-2024,3644.02
1829,242,142,04-06-2025,2161.42
1830,436,37,28-02-2025,3045.05
1831,436,132,10-07-2025,1917.01
1832,269,168,09-01-2025,401
1833,158,6,07-11-2024,3151.53
1834,314,146,17-05-2025,913.66
1835,163,65,11-08-2025,3748.05
1836,409,64,01-02-2025,4862.07
1837,112,129,12-03-2025,4141.15
1838,339,123,06-12-2024,2132.79
1839,81,178,15-08-2024,2471.78
1840,89,77,01-12-2024,2914.01
1841,397,64,05-09-2024,931.65
1842,451,26,26-02-2025,896.65
1843,29,109,29-08-2024,3840.01
1844,456,198,16-09-2024,4771.08
1845,296,69,31-05-2025,1387.95
1846,413,165,04-09-2024,2720.93
1847,37,92,14-06-2025,2372.49
1848,326,11,15-09-2024,3709.76
1849,372,86,30-12-2024,3544.66
1850,454,162,26-02-2025,403.1
1851,198,75,24-12-2024,3840.16
1852,176,85,29-01-2025,613.06
1853,78,195,25-01-2025,4446.98
1854,448,196,19-01-2025,4140.91
1855,222,69,05-08-2025,4178.81
1856,197,108,22-08-2024,3854.22
1857,185,1,02-07-2025,329.04
1858,119,26,24-11-2024,2766.73
1859,130,5,14-09-2024,1470.45
1860,378,115,08-10-2024,4246.87
1861,232,87,02-02-2025,3480.95
1862,263,25,09-12-2024,3722.94
1863,117,160,29-03-2025,4260.02
1864,356,131,17-03-2025,2763.89
1865,464,96,04-08-2025,2811.22
1866,373,55,17-01-2025,2143.41
1867,313,52,05-11-2024,3189.39
1868,197,15,12-08-2025,4376.26
1869,235,45,22-11-2024,2540.12
1870,371,105,16-11-2024,3175.07
1871,275,57,24-08-2024,4047.8
1872,382,60,27-07-2025,1179.63
1873,5,45,28-10-2024,1420.61
1874,459,55,07-04-2025,4443.02
1875,304,188,24-11-2024,4539.96
1876,248,78,21-05-2025,3484.9
1877,363,15,07-12-2024,2951.53
1878,88,94,17-01-2025,2458.3
1879,373,141,21-05-2025,1935.77
1880,411,167,08-12-2024,830.68
1881,434,167,22-05-2025,152.07
1882,188,81,24-03-2025,511.18
1883,190,46,04-05-2025,4252.9
1884,68,55,10-04-2025,232.98
1885,63,157,11-11-2024,1412.74
1886,379,12,06-11-2024,4919.69
1887,267,46,13-12-2024,2376.51
1888,126,17,29-09-2024,2202.58
1889,348,150,23-09-2024,3299.64
1890,115,142,19-06-2025,3673.22
1891,142,177,11-11-2024,3954.13
1892,437,98,08-05-2025,3170.7
1893,295,48,25-09-2024,1954.31
1894,17,68,26-08-2024,4263.32
1895,100,43,27-09-2024,2431.54
1896,216,178,07-02-2025,151.75
1897,357,179,02-08-2025,2528.5
1898,256,6,25-05-2025,483.66
1899,439,120,20-01-2025,2940.28
1900,358,8,02-09-2024,290.29
1901,203,6,24-03-2025,3591.98
1902,383,38,06-06-2025,2962.15
1903,33,95,18-04-2025,377.77
1904,138,165,09-09-2024,3868.72
1905,496,85,30-04-2025,1311.3
1906,371,120,30-11-2024,133.3
1907,399,61,26-03-2025,2498.48
1908,104,18,22-07-2025,805.24
1909,103,23,20-12-2024,4671.9
1910,439,90,25-12-2024,916.71
1911,207,141,24-08-2024,4282.79
1912,231,16,27-02-2025,943.34
1913,355,46,11-06-2025,3384.11
1914,401,117,28-04-2025,1351.28
1915,106,5,25-02-2025,125.7
1916,152,169,27-04-2025,3546.03
1917,7,198,07-06-2025,1153.66
1918,440,32,15-10-2024,1156.57
1919,144,198,26-08-2024,3500.85
1920,105,189,10-06-2025,4874.1
1921,410,187,16-09-2024,1767.77
1922,489,69,09-02-2025,4248.28
1923,45,69,15-01-2025,718.2
1924,477,14,07-09-2024,910.99
1925,476,42,10-08-2025,4661.55
1926,3,125,14-02-2025,2387.41
1927,453,50,09-03-2025,1235.08
1928,433,103,28-06-2025,900.99
1929,156,57,17-02-2025,1307.24
1930,214,94,29-04-2025,4720.6
1931,209,9,30-09-2024,296.3
1932,350,101,23-03-2025,213.84
1933,9,75,17-02-2025,4834.02
1934,394,6,12-06-2025,4838.07
1935,300,27,09-01-2025,2434.74
1936,373,76,19-10-2024,241.4
1937,119,131,11-03-2025,1721.69
1938,55,91,07-02-2025,2486.79
1939,36,133,29-06-2025,2304.14
1940,409,95,17-11-2024,267.42
1941,65,32,25-06-2025,1268.15
1942,27,69,02-09-2024,4715.96
1943,415,191,13-01-2025,815.1
1944,29,182,11-08-2025,2920.9
1945,332,133,16-06-2025,816.93
1946,182,170,04-10-2024,1877.25
1947,24,123,13-12-2024,3367.04
1948,56,140,18-12-2024,4401.66
1949,121,198,22-12-2024,4430.83
1950,358,57,25-08-2024,1322.36
1951,346,162,10-07-2025,1695.08
1952,384,165,31-05-2025,1927.87
1953,129,1,06-12-2024,2679.8
1954,192,193,15-08-2024,155.26
1955,454,12,29-08-2024,877.08
1956,111,35,13-06-2025,2062.51
1957,250,56,15-07-2025,2898.96
1958,155,91,05-07-2025,1019.24
1959,120,38,25-01-2025,2740.23
1960,210,136,22-11-2024,407.61
1961,224,74,27-06-2025,2088.77
1962,254,152,19-05-2025,3829.86
1963,38,26,22-04-2025,2163.1
1964,36,199,26-10-2024,2324.37
1965,387,103,02-07-2025,4826.4
1966,385,168,18-09-2024,3155.75
1967,90,60,21-11-2024,2471.57
1968,149,5,25-05-2025,708.43
1969,45,24,20-03-2025,4746.76
1970,1,77,04-11-2024,4597.55
1971,165,189,19-10-2024,1943.09
1972,231,42,17-05-2025,1647.29
1973,285,113,20-07-2025,3410.3
1974,217,38,12-09-2024,3934.85
1975,296,121,30-05-2025,1847.29
1976,312,81,08-08-2025,4943.2
1977,401,111,08-07-2025,1574.22
1978,477,152,28-09-2024,4385.08
1979,263,180,23-03-2025,189.96
1980,93,31,29-01-2025,3743.99
1981,194,125,23-12-2024,771.85
1982,482,11,01-03-2025,3754.56
1983,307,36,18-04-2025,3122.42
1984,88,174,05-05-2025,952.21
1985,471,14,22-01-2025,2629.17
1986,295,11,14-02-2025,559.63
1987,494,49,10-01-2025,1434.07
1988,408,169,25-12-2024,4977.16
1989,277,26,28-11-2024,3323.97
1990,130,177,15-01-2025,3428.49
1991,328,119,08-08-2025,2699.72
1992,70,163,06-01-2025,2337.25
1993,310,199,14-09-2024,1690.52
1994,167,14,22-08-2024,2503.98
1995,143,109,24-06-2025,4971.91
1996,61,30,21-10-2024,3642.17
1997,28,64,06-12-2024,4438.72
1998,414,140,22-03-2025,1809.33
1999,297,113,28-09-2024,2085.24
2000,262,182,08-05-2025,2245.12
